{"data":
    [
         {
            "ApiUrl" : "/api/dynamicFormsApi.php",
            "Title" : "Dit is een test hoofdtitel van mij",
            "Identity":"testIdentity",
            "GeneratedSections" : [
                {
                    "Title": "basisgegevens",
                    "Size":"half",
                    "ValueKeys" : [

                        {
                            "Key":"naam",
                            "ContentType":"string",
                            "Label":"Naam",
                            "Value":""
                        },
                        {
                            "Key":"voornaam",
                            "ContentType":"string",
                            "Label":"Voornaam",
                            "Value":""
                        },
                        {
                            "Key":"leeftijd",
                            "ContentType":"number",
                            "Label":"Leeftijd",
                            "Value":""
                        },
                        {
                            "Key":"cds",
                            "ContentType":"string",
                            "Label":"cds",
                            "Value":"mijndefault"
                        }
                    ]
                },
                {
                    "Title": "blok 2",
                    "Size":"half",
                    "ValueKeys" : [
                        {
                            "Key":"test",
                            "ContentType":"string",
                            "Label":"Test",
                            "Value":""
                        },
                                                {
                            "Key":"nentext",
                            "ContentType":"html",
                            "Label":"Nog een ckeditor",
                            "Value":"<strong>blabla</strong>sssss"
                        }
                    ]
                },
                {
                    "Title": "over mij",
                    "Size": "full",
                    "ValueKeys" : [
                        {
                            "Key":"titel",
                            "ContentType":"string",
                            "Label":"Titel",
                            "Value":""
                        },
                        {
                            "Key":"tekst",
                            "ContentType":"html",
                            "Label":"Content",
                            "Value":""
                        }
                    ]
                }
            ]
        },
                 {
            "ApiUrl" : "/api/dynamicFormsApi.php",
            "Title" : "Home pagina editor",
            "Identity":"homeIdentity",
            "GeneratedSections" : [
                {
                    "Title": "basisgegevens",
                    "Size":"half",
                    "ValueKeys" : [

                        {
                            "Key":"naam",
                            "ContentType":"string",
                            "Label":"Naam",
                            "Value":""
                        },
                        {
                            "Key":"voornaam",
                            "ContentType":"string",
                            "Label":"Voornaam",
                            "Value":""
                        },
                        {
                            "Key":"leeftijd",
                            "ContentType":"number",
                            "Label":"Leeftijd",
                            "Value":""
                        },
                        {
                            "Key":"cds",
                            "ContentType":"string",
                            "Label":"cds",
                            "Value":"mijndefault"
                        }
                    ]
                },
                {
                    "Title": "blok 2",
                    "Size":"half",
                    "ValueKeys" : [
                        {
                            "Key":"test",
                            "ContentType":"string",
                            "Label":"Test",
                            "Value":""
                        },
                                                {
                            "Key":"nentext",
                            "ContentType":"html",
                            "Label":"Nog een ckeditor",
                            "Value":"<strong>blabla</strong>sssss"
                        }
                    ]
                },
                {
                    "Title": "over mij",
                    "Size": "full",
                    "ValueKeys" : [
                        {
                            "Key":"titel",
                            "ContentType":"string",
                            "Label":"Titel",
                            "Value":""
                        },
                        {
                            "Key":"tekst",
                            "ContentType":"html",
                            "Label":"Content",
                            "Value":""
                        }
                    ]
                }
            ]
        }
   
    ]
}